<?xml version="1.0" encoding="utf-8"?>
<modification>
    <name>HTML Content Module</name>
    <code>html_content_oc3</code>
    <version>1.0</version>
    <author>Nerses Tonoyan</author>
    <link>http://www.yourwebsite.com</link>
    

    <file path="admin/controller/extension/module/html_content.php">
        <operation>
            <search><![CDATA[// Your admin controller code here]]></search>
            <add><![CDATA[
            // Code for your admin controller
            class ControllerExtensionModuleHtmlContent extends Controller {
                public function index() {
                    // Add your admin module logic here
                }
            }
            ]]></add>
        </operation>
    </file>
    
    <file path="admin/language/en-gb/extension/module/html_content.php">
        <operation>
            <search><![CDATA[// Your admin language definitions here]]></search>
            <add><![CDATA[
            // Admin language definitions for HTML Content module
            $_['heading_title'] = 'HTML Content Module';
            $_['text_success'] = 'Success: You have modified HTML Content module!';
            // Add more language definitions as needed
            ]]></add>
        </operation>
    </file>
    
    <file path="admin/view/template/extension/module/html_content.twig">
        <operation>
            <search><![CDATA[<!-- Your admin template HTML here -->]]></search>
            <add><![CDATA[
            <div class="container-fluid">
                <div class="panel panel-default">
                    <div class="panel-heading">
                        <h3 class="panel-title">{{ heading_title }}</h3>
                    </div>
                    <div class="panel-body">
                        <form action="{{ action }}" method="post" enctype="multipart/form-data" id="form-html-content" class="form-horizontal">
                            <div class="form-group">
                                <label class="col-sm-2 control-label" for="input-html">{{ entry_html }}</label>
                                <div class="col-sm-10">
                                    <textarea name="html" rows="5" placeholder="{{ entry_html }}" id="input-html" class="form-control">{{ html }}</textarea>
                                </div>
                            </div>
                            <div class="form-group">
                                <label class="col-sm-2 control-label" for="input-status">{{ entry_status }}</label>
                                <div class="col-sm-10">
                                    <select name="status" id="input-status" class="form-control">
                                        {% if status %}
                                            <option value="1" selected="selected">{{ text_enabled }}</option>
                                            <option value="0">{{ text_disabled }}</option>
                                        {% else %}
                                            <option value="1">{{ text_enabled }}</option>
                                            <option value="0" selected="selected">{{ text_disabled }}</option>
                                        {% endif %}
                                    </select>
                                </div>
                            </div>
                            <div class="form-group">
                                <div class="col-sm-offset-2 col-sm-10">
                                    <button type="submit" class="btn btn-primary">{{ button_save }}</button>
                                    <a href="{{ cancel }}" class="btn btn-default">{{ button_cancel }}</a>
                                </div>
                            </div>
                        </form>
                    </div>
                </div>
            </div>
            ]]></add>
        </operation>
    </file>
    
</modification>
